<metadata xml:lang="en"><Esri><CreaDate>20200324</CreaDate><CreaTime>17174000</CreaTime><ArcGISFormat>1.0</ArcGISFormat><SyncOnce>FALSE</SyncOnce><DataProperties><itemProps><itemName Sync="TRUE">sk1854v2_trb</itemName><imsContentType Sync="TRUE">002</imsContentType><itemLocation><linkage Sync="TRUE">file://\\cns.cranfield.ac.uk\filestore\Groups\SAS\CCGIM\Teaching\1920\Group Projects\MLCNP\Student_folder\Data\Sample_Area\sk1854v2_trb.shp</linkage><protocol Sync="TRUE">Local Area Network</protocol></itemLocation><itemSize Sync="TRUE">0.000</itemSize></itemProps><coordRef><type Sync="TRUE">Projected</type><geogcsn Sync="TRUE">GCS_OSGB_1936</geogcsn><csUnits Sync="TRUE">Linear Unit: Meter (1.000000)</csUnits><projcsn Sync="TRUE">British_National_Grid</projcsn><peXml Sync="TRUE">&lt;ProjectedCoordinateSystem xsi:type='typens:ProjectedCoordinateSystem' xmlns:xsi='http://www.w3.org/2001/XMLSchema-instance' xmlns:xs='http://www.w3.org/2001/XMLSchema' xmlns:typens='http://www.esri.com/schemas/ArcGIS/2.5.0'&gt;&lt;WKT&gt;PROJCS[&amp;quot;British_National_Grid&amp;quot;,GEOGCS[&amp;quot;GCS_OSGB_1936&amp;quot;,DATUM[&amp;quot;D_OSGB_1936&amp;quot;,SPHEROID[&amp;quot;Airy_1830&amp;quot;,6377563.396,299.3249646]],PRIMEM[&amp;quot;Greenwich&amp;quot;,0.0],UNIT[&amp;quot;Degree&amp;quot;,0.0174532925199433]],PROJECTION[&amp;quot;Transverse_Mercator&amp;quot;],PARAMETER[&amp;quot;False_Easting&amp;quot;,400000.0],PARAMETER[&amp;quot;False_Northing&amp;quot;,-100000.0],PARAMETER[&amp;quot;Central_Meridian&amp;quot;,-2.0],PARAMETER[&amp;quot;Scale_Factor&amp;quot;,0.9996012717],PARAMETER[&amp;quot;Latitude_Of_Origin&amp;quot;,49.0],UNIT[&amp;quot;Meter&amp;quot;,1.0],AUTHORITY[&amp;quot;EPSG&amp;quot;,27700]]&lt;/WKT&gt;&lt;XOrigin&gt;-5220400&lt;/XOrigin&gt;&lt;YOrigin&gt;-15524400&lt;/YOrigin&gt;&lt;XYScale&gt;450481592.76709664&lt;/XYScale&gt;&lt;ZOrigin&gt;-100000&lt;/ZOrigin&gt;&lt;ZScale&gt;10000&lt;/ZScale&gt;&lt;MOrigin&gt;-100000&lt;/MOrigin&gt;&lt;MScale&gt;10000&lt;/MScale&gt;&lt;XYTolerance&gt;0.001&lt;/XYTolerance&gt;&lt;ZTolerance&gt;0.001&lt;/ZTolerance&gt;&lt;MTolerance&gt;0.001&lt;/MTolerance&gt;&lt;HighPrecision&gt;true&lt;/HighPrecision&gt;&lt;WKID&gt;27700&lt;/WKID&gt;&lt;LatestWKID&gt;27700&lt;/LatestWKID&gt;&lt;/ProjectedCoordinateSystem&gt;</peXml></coordRef><lineage><Process ToolSource="c:\program files\arcgis\pro\Resources\ArcToolbox\toolboxes\Conversion Tools.tbx\FeatureClassToFeatureClass" Date="20200324" Time="171741">FeatureClassToFeatureClass White_Peak X:\SAS\CCGIM\Projects\MLCNP\PDNP\PDNP_GP.gdb sk1854_trb # "PLAN_NO "PLAN_NO" true true false 6 Text 0 0,First,#,White_Peak,PLAN_NO,0,6;MAPNUM "MAPNUM" true true false 10 Long 0 10,First,#,White_Peak,MAPNUM,-1,-1;SQNUM "SQNUM" true true false 10 Long 0 10,First,#,White_Peak,SQNUM,-1,-1;B1_70 "B1_70" true true false 10 Long 0 10,First,#,White_Peak,B1_70,-1,-1;B2_70 "B2_70" true true false 10 Long 0 10,First,#,White_Peak,B2_70,-1,-1;B3_70 "B3_70" true true false 10 Long 0 10,First,#,White_Peak,B3_70,-1,-1;B6_70 "B6_70" true true false 10 Long 0 10,First,#,White_Peak,B6_70,-1,-1;B1_80 "B1_80" true true false 10 Long 0 10,First,#,White_Peak,B1_80,-1,-1;B2_80 "B2_80" true true false 10 Long 0 10,First,#,White_Peak,B2_80,-1,-1;B3_80 "B3_80" true true false 10 Long 0 10,First,#,White_Peak,B3_80,-1,-1;B6_80 "B6_80" true true false 10 Long 0 10,First,#,White_Peak,B6_80,-1,-1;A1_70 "A1_70" true true false 19 Double 15 18,First,#,White_Peak,A1_70,-1,-1;A2_70 "A2_70" true true false 19 Double 15 18,First,#,White_Peak,A2_70,-1,-1;A3_70 "A3_70" true true false 19 Double 15 18,First,#,White_Peak,A3_70,-1,-1;A4_70 "A4_70" true true false 19 Double 15 18,First,#,White_Peak,A4_70,-1,-1;A5_70 "A5_70" true true false 19 Double 15 18,First,#,White_Peak,A5_70,-1,-1;A6_70 "A6_70" true true false 19 Double 15 18,First,#,White_Peak,A6_70,-1,-1;A7_70 "A7_70" true true false 19 Double 15 18,First,#,White_Peak,A7_70,-1,-1;A8_70 "A8_70" true true false 19 Double 15 18,First,#,White_Peak,A8_70,-1,-1;A1_80 "A1_80" true true false 19 Double 15 18,First,#,White_Peak,A1_80,-1,-1;A2_80 "A2_80" true true false 19 Double 15 18,First,#,White_Peak,A2_80,-1,-1;A3_80 "A3_80" true true false 19 Double 15 18,First,#,White_Peak,A3_80,-1,-1;A4_80 "A4_80" true true false 19 Double 15 18,First,#,White_Peak,A4_80,-1,-1;A5_80 "A5_80" true true false 19 Double 15 18,First,#,White_Peak,A5_80,-1,-1;A6_80 "A6_80" true true false 19 Double 15 18,First,#,White_Peak,A6_80,-1,-1;A7_80 "A7_80" true true false 19 Double 15 18,First,#,White_Peak,A7_80,-1,-1;A8_80 "A8_80" true true false 19 Double 15 18,First,#,White_Peak,A8_80,-1,-1;A9_70 "A9_70" true true false 10 Long 0 10,First,#,White_Peak,A9_70,-1,-1;A9_80 "A9_80" true true false 10 Long 0 10,First,#,White_Peak,A9_80,-1,-1;TYNO "TYNO" true true false 10 Long 0 10,First,#,White_Peak,TYNO,-1,-1;INPARK "INPARK" true true false 1 Text 0 0,First,#,White_Peak,INPARK,0,1;COUNTY "COUNTY" true true false 7 Text 0 0,First,#,White_Peak,COUNTY,0,7;DISTRICT "DISTRICT" true true false 7 Text 0 0,First,#,White_Peak,DISTRICT,0,7;PARISH "PARISH" true true false 7 Text 0 0,First,#,White_Peak,PARISH,0,7;TYSQ10 "TYSQ10" true true false 10 Long 0 10,First,#,White_Peak,TYSQ10,-1,-1;EASTM "EASTM" true true false 10 Long 0 10,First,#,White_Peak,EASTM,-1,-1;NORTHM "NORTHM" true true false 10 Long 0 10,First,#,White_Peak,NORTHM,-1,-1;ONE "ONE" true true false 10 Long 0 10,First,#,White_Peak,ONE,-1,-1;MI_PRINX "MI_PRINX" true true false 10 Long 0 10,First,#,White_Peak,MI_PRINX,-1,-1" #</Process><Process ToolSource="c:\program files\arcgis\pro\Resources\ArcToolbox\toolboxes\Data Management Tools.tbx\UpdateSchema" Date="20200324" Time="172919">UpdateSchema "CIMDATA=&lt;CIMStandardDataConnection xsi:type='typens:CIMStandardDataConnection' xmlns:xsi='http://www.w3.org/2001/XMLSchema-instance' xmlns:xs='http://www.w3.org/2001/XMLSchema' xmlns:typens='http://www.esri.com/schemas/ArcGIS/2.5.0'&gt;&lt;WorkspaceConnectionString&gt;DATABASE=X:\SAS\CCGIM\Projects\MLCNP\PDNP\PDNP_GP.gdb&lt;/WorkspaceConnectionString&gt;&lt;WorkspaceFactory&gt;FileGDB&lt;/WorkspaceFactory&gt;&lt;Dataset&gt;sk1854_trb&lt;/Dataset&gt;&lt;DatasetType&gt;esriDTFeatureClass&lt;/DatasetType&gt;&lt;/CIMStandardDataConnection&gt;" "&lt;operationSequence&gt;&lt;workflow&gt;&lt;AddField&gt;&lt;field_name&gt;TRB_18&lt;/field_name&gt;&lt;field_type&gt;TEXT&lt;/field_type&gt;&lt;field_length&gt;255&lt;/field_length&gt;&lt;field_alias&gt;2018 poly&lt;/field_alias&gt;&lt;field_is_nullable&gt;True&lt;/field_is_nullable&gt;&lt;field_is_required&gt;False&lt;/field_is_required&gt;&lt;/AddField&gt;&lt;/workflow&gt;&lt;/operationSequence&gt;"</Process><Process ToolSource="c:\program files\arcgis\pro\Resources\ArcToolbox\toolboxes\Conversion Tools.tbx\FeatureClassToFeatureClass" Date="20200326" Time="092906">FeatureClassToFeatureClass sk1854_trb X:\SAS\CCGIM\Projects\MLCNP\PDNP\PDNP_GP.gdb\Sample_sq_interp sk1854v2_trb # "PLAN_NO "PLAN_NO" true true false 6 Text 0 0,First,#,sk1854_trb,PLAN_NO,0,6;MAPNUM "MAPNUM" true true false 4 Long 0 0,First,#,sk1854_trb,MAPNUM,-1,-1;SQNUM "SQNUM" true true false 4 Long 0 0,First,#,sk1854_trb,SQNUM,-1,-1;B1_70 "B1_70" true true false 4 Long 0 0,First,#,sk1854_trb,B1_70,-1,-1;B2_70 "B2_70" true true false 4 Long 0 0,First,#,sk1854_trb,B2_70,-1,-1;B3_70 "B3_70" true true false 4 Long 0 0,First,#,sk1854_trb,B3_70,-1,-1;B6_70 "B6_70" true true false 4 Long 0 0,First,#,sk1854_trb,B6_70,-1,-1;B1_80 "B1_80" true true false 4 Long 0 0,First,#,sk1854_trb,B1_80,-1,-1;B2_80 "B2_80" true true false 4 Long 0 0,First,#,sk1854_trb,B2_80,-1,-1;B3_80 "B3_80" true true false 4 Long 0 0,First,#,sk1854_trb,B3_80,-1,-1;B6_80 "B6_80" true true false 4 Long 0 0,First,#,sk1854_trb,B6_80,-1,-1;A1_70 "A1_70" true true false 8 Double 0 0,First,#,sk1854_trb,A1_70,-1,-1;A2_70 "A2_70" true true false 8 Double 0 0,First,#,sk1854_trb,A2_70,-1,-1;A3_70 "A3_70" true true false 8 Double 0 0,First,#,sk1854_trb,A3_70,-1,-1;A4_70 "A4_70" true true false 8 Double 0 0,First,#,sk1854_trb,A4_70,-1,-1;A5_70 "A5_70" true true false 8 Double 0 0,First,#,sk1854_trb,A5_70,-1,-1;A6_70 "A6_70" true true false 8 Double 0 0,First,#,sk1854_trb,A6_70,-1,-1;A7_70 "A7_70" true true false 8 Double 0 0,First,#,sk1854_trb,A7_70,-1,-1;A8_70 "A8_70" true true false 8 Double 0 0,First,#,sk1854_trb,A8_70,-1,-1;A1_80 "A1_80" true true false 8 Double 0 0,First,#,sk1854_trb,A1_80,-1,-1;A2_80 "A2_80" true true false 8 Double 0 0,First,#,sk1854_trb,A2_80,-1,-1;A3_80 "A3_80" true true false 8 Double 0 0,First,#,sk1854_trb,A3_80,-1,-1;A4_80 "A4_80" true true false 8 Double 0 0,First,#,sk1854_trb,A4_80,-1,-1;A5_80 "A5_80" true true false 8 Double 0 0,First,#,sk1854_trb,A5_80,-1,-1;A6_80 "A6_80" true true false 8 Double 0 0,First,#,sk1854_trb,A6_80,-1,-1;A7_80 "A7_80" true true false 8 Double 0 0,First,#,sk1854_trb,A7_80,-1,-1;A8_80 "A8_80" true true false 8 Double 0 0,First,#,sk1854_trb,A8_80,-1,-1;A9_70 "A9_70" true true false 4 Long 0 0,First,#,sk1854_trb,A9_70,-1,-1;A9_80 "A9_80" true true false 4 Long 0 0,First,#,sk1854_trb,A9_80,-1,-1;TYNO "TYNO" true true false 4 Long 0 0,First,#,sk1854_trb,TYNO,-1,-1;INPARK "INPARK" true true false 1 Text 0 0,First,#,sk1854_trb,INPARK,0,1;COUNTY "COUNTY" true true false 7 Text 0 0,First,#,sk1854_trb,COUNTY,0,7;DISTRICT "DISTRICT" true true false 7 Text 0 0,First,#,sk1854_trb,DISTRICT,0,7;PARISH "PARISH" true true false 7 Text 0 0,First,#,sk1854_trb,PARISH,0,7;TYSQ10 "TYSQ10" true true false 4 Long 0 0,First,#,sk1854_trb,TYSQ10,-1,-1;EASTM "EASTM" true true false 4 Long 0 0,First,#,sk1854_trb,EASTM,-1,-1;NORTHM "NORTHM" true true false 4 Long 0 0,First,#,sk1854_trb,NORTHM,-1,-1;ONE "ONE" true true false 4 Long 0 0,First,#,sk1854_trb,ONE,-1,-1;MI_PRINX "MI_PRINX" true true false 4 Long 0 0,First,#,sk1854_trb,MI_PRINX,-1,-1;Shape_Length "Shape_Length" false true true 8 Double 0 0,First,#,sk1854_trb,Shape_Length,-1,-1;Shape_Area "Shape_Area" false true true 8 Double 0 0,First,#,sk1854_trb,Shape_Area,-1,-1;TRB_18 "2018 poly" true true false 255 Text 0 0,First,#,sk1854_trb,TRB_18,0,255" #</Process><Process ToolSource="c:\program files\arcgis\pro\Resources\ArcToolbox\toolboxes\Data Management Tools.tbx\CopyFeatures" Date="20200407" Time="093337">CopyFeatures sk1854v2_trb "X:\SAS\CCGIM\Teaching\1920\Group Projects\MLCNP\Student_folder\Data\Sample_Area\sk1854v2_trb.shp" # # # #</Process></lineage></DataProperties><SyncDate>20200407</SyncDate><SyncTime>09333700</SyncTime><ModDate>20200407</ModDate><ModTime>09333700</ModTime></Esri><dataIdInfo><envirDesc Sync="TRUE">Microsoft Windows 10 Version 10.0 (Build 18362) ; Esri ArcGIS 12.5.0.22081</envirDesc><dataLang><languageCode value="eng" Sync="TRUE"></languageCode><countryCode value="GBR" Sync="TRUE"></countryCode></dataLang><idCitation><resTitle Sync="TRUE">sk1854v2_trb</resTitle><presForm><PresFormCd value="005" Sync="TRUE"></PresFormCd></presForm></idCitation><spatRpType><SpatRepTypCd value="001" Sync="TRUE"></SpatRepTypCd></spatRpType></dataIdInfo><mdLang><languageCode value="eng" Sync="TRUE"></languageCode><countryCode value="GBR" Sync="TRUE"></countryCode></mdLang><distInfo><distFormat><formatName Sync="TRUE">Shapefile</formatName></distFormat><distTranOps><transSize Sync="TRUE">0.000</transSize></distTranOps></distInfo><mdHrLv><ScopeCd value="005" Sync="TRUE"></ScopeCd></mdHrLv><mdHrLvName Sync="TRUE">dataset</mdHrLvName><refSysInfo><RefSystem><refSysID><identCode code="27700" Sync="TRUE"></identCode><idCodeSpace Sync="TRUE">EPSG</idCodeSpace><idVersion Sync="TRUE">8.9.5(3.0.1)</idVersion></refSysID></RefSystem></refSysInfo><spatRepInfo><VectSpatRep><geometObjs Name="sk1854v2_trb"><geoObjTyp><GeoObjTypCd value="002" Sync="TRUE"></GeoObjTypCd></geoObjTyp><geoObjCnt Sync="TRUE">0</geoObjCnt></geometObjs><topLvl><TopoLevCd value="001" Sync="TRUE"></TopoLevCd></topLvl></VectSpatRep></spatRepInfo><spdoinfo><ptvctinf><esriterm Name="sk1854v2_trb"><efeatyp Sync="TRUE">Simple</efeatyp><efeageom code="4" Sync="TRUE"></efeageom><esritopo Sync="TRUE">FALSE</esritopo><efeacnt Sync="TRUE">0</efeacnt><spindex Sync="TRUE">FALSE</spindex><linrefer Sync="TRUE">FALSE</linrefer></esriterm></ptvctinf></spdoinfo><eainfo><detailed Name="sk1854v2_trb"><enttyp><enttypl Sync="TRUE">sk1854v2_trb</enttypl><enttypt Sync="TRUE">Feature Class</enttypt><enttypc Sync="TRUE">0</enttypc></enttyp><attr><attrlabl Sync="TRUE">FID</attrlabl><attalias Sync="TRUE">FID</attalias><attrtype Sync="TRUE">OID</attrtype><attwidth Sync="TRUE">4</attwidth><atprecis Sync="TRUE">0</atprecis><attscale Sync="TRUE">0</attscale><attrdef Sync="TRUE">Internal feature number.</attrdef><attrdefs Sync="TRUE">Esri</attrdefs><attrdomv><udom Sync="TRUE">Sequential unique whole numbers that are automatically generated.</udom></attrdomv></attr><attr><attrlabl Sync="TRUE">Shape</attrlabl><attalias Sync="TRUE">Shape</attalias><attrtype Sync="TRUE">Geometry</attrtype><attwidth Sync="TRUE">0</attwidth><atprecis Sync="TRUE">0</atprecis><attscale Sync="TRUE">0</attscale><attrdef Sync="TRUE">Feature geometry.</attrdef><attrdefs Sync="TRUE">Esri</attrdefs><attrdomv><udom Sync="TRUE">Coordinates defining the features.</udom></attrdomv></attr><attr><attrlabl Sync="TRUE">PLAN_NO</attrlabl><attalias Sync="TRUE">PLAN_NO</attalias><attrtype Sync="TRUE">String</attrtype><attwidth Sync="TRUE">6</attwidth><atprecis Sync="TRUE">0</atprecis><attscale Sync="TRUE">0</attscale></attr><attr><attrlabl Sync="TRUE">MAPNUM</attrlabl><attalias Sync="TRUE">MAPNUM</attalias><attrtype Sync="TRUE">Integer</attrtype><attwidth Sync="TRUE">10</attwidth><atprecis Sync="TRUE">10</atprecis><attscale Sync="TRUE">0</attscale></attr><attr><attrlabl Sync="TRUE">SQNUM</attrlabl><attalias Sync="TRUE">SQNUM</attalias><attrtype Sync="TRUE">Integer</attrtype><attwidth Sync="TRUE">10</attwidth><atprecis Sync="TRUE">10</atprecis><attscale Sync="TRUE">0</attscale></attr><attr><attrlabl Sync="TRUE">B1_70</attrlabl><attalias Sync="TRUE">B1_70</attalias><attrtype Sync="TRUE">Integer</attrtype><attwidth Sync="TRUE">10</attwidth><atprecis Sync="TRUE">10</atprecis><attscale Sync="TRUE">0</attscale></attr><attr><attrlabl Sync="TRUE">B2_70</attrlabl><attalias Sync="TRUE">B2_70</attalias><attrtype Sync="TRUE">Integer</attrtype><attwidth Sync="TRUE">10</attwidth><atprecis Sync="TRUE">10</atprecis><attscale Sync="TRUE">0</attscale></attr><attr><attrlabl Sync="TRUE">B3_70</attrlabl><attalias Sync="TRUE">B3_70</attalias><attrtype Sync="TRUE">Integer</attrtype><attwidth Sync="TRUE">10</attwidth><atprecis Sync="TRUE">10</atprecis><attscale Sync="TRUE">0</attscale></attr><attr><attrlabl Sync="TRUE">B6_70</attrlabl><attalias Sync="TRUE">B6_70</attalias><attrtype Sync="TRUE">Integer</attrtype><attwidth Sync="TRUE">10</attwidth><atprecis Sync="TRUE">10</atprecis><attscale Sync="TRUE">0</attscale></attr><attr><attrlabl Sync="TRUE">B1_80</attrlabl><attalias Sync="TRUE">B1_80</attalias><attrtype Sync="TRUE">Integer</attrtype><attwidth Sync="TRUE">10</attwidth><atprecis Sync="TRUE">10</atprecis><attscale Sync="TRUE">0</attscale></attr><attr><attrlabl Sync="TRUE">B2_80</attrlabl><attalias Sync="TRUE">B2_80</attalias><attrtype Sync="TRUE">Integer</attrtype><attwidth Sync="TRUE">10</attwidth><atprecis Sync="TRUE">10</atprecis><attscale Sync="TRUE">0</attscale></attr><attr><attrlabl Sync="TRUE">B3_80</attrlabl><attalias Sync="TRUE">B3_80</attalias><attrtype Sync="TRUE">Integer</attrtype><attwidth Sync="TRUE">10</attwidth><atprecis Sync="TRUE">10</atprecis><attscale Sync="TRUE">0</attscale></attr><attr><attrlabl Sync="TRUE">B6_80</attrlabl><attalias Sync="TRUE">B6_80</attalias><attrtype Sync="TRUE">Integer</attrtype><attwidth Sync="TRUE">10</attwidth><atprecis Sync="TRUE">10</atprecis><attscale Sync="TRUE">0</attscale></attr><attr><attrlabl Sync="TRUE">A1_70</attrlabl><attalias Sync="TRUE">A1_70</attalias><attrtype Sync="TRUE">Double</attrtype><attwidth Sync="TRUE">19</attwidth><atprecis Sync="TRUE">0</atprecis><attscale Sync="TRUE">0</attscale></attr><attr><attrlabl Sync="TRUE">A2_70</attrlabl><attalias Sync="TRUE">A2_70</attalias><attrtype Sync="TRUE">Double</attrtype><attwidth Sync="TRUE">19</attwidth><atprecis Sync="TRUE">0</atprecis><attscale Sync="TRUE">0</attscale></attr><attr><attrlabl Sync="TRUE">A3_70</attrlabl><attalias Sync="TRUE">A3_70</attalias><attrtype Sync="TRUE">Double</attrtype><attwidth Sync="TRUE">19</attwidth><atprecis Sync="TRUE">0</atprecis><attscale Sync="TRUE">0</attscale></attr><attr><attrlabl Sync="TRUE">A4_70</attrlabl><attalias Sync="TRUE">A4_70</attalias><attrtype Sync="TRUE">Double</attrtype><attwidth Sync="TRUE">19</attwidth><atprecis Sync="TRUE">0</atprecis><attscale Sync="TRUE">0</attscale></attr><attr><attrlabl Sync="TRUE">A5_70</attrlabl><attalias Sync="TRUE">A5_70</attalias><attrtype Sync="TRUE">Double</attrtype><attwidth Sync="TRUE">19</attwidth><atprecis Sync="TRUE">0</atprecis><attscale Sync="TRUE">0</attscale></attr><attr><attrlabl Sync="TRUE">A6_70</attrlabl><attalias Sync="TRUE">A6_70</attalias><attrtype Sync="TRUE">Double</attrtype><attwidth Sync="TRUE">19</attwidth><atprecis Sync="TRUE">0</atprecis><attscale Sync="TRUE">0</attscale></attr><attr><attrlabl Sync="TRUE">A7_70</attrlabl><attalias Sync="TRUE">A7_70</attalias><attrtype Sync="TRUE">Double</attrtype><attwidth Sync="TRUE">19</attwidth><atprecis Sync="TRUE">0</atprecis><attscale Sync="TRUE">0</attscale></attr><attr><attrlabl Sync="TRUE">A8_70</attrlabl><attalias Sync="TRUE">A8_70</attalias><attrtype Sync="TRUE">Double</attrtype><attwidth Sync="TRUE">19</attwidth><atprecis Sync="TRUE">0</atprecis><attscale Sync="TRUE">0</attscale></attr><attr><attrlabl Sync="TRUE">A1_80</attrlabl><attalias Sync="TRUE">A1_80</attalias><attrtype Sync="TRUE">Double</attrtype><attwidth Sync="TRUE">19</attwidth><atprecis Sync="TRUE">0</atprecis><attscale Sync="TRUE">0</attscale></attr><attr><attrlabl Sync="TRUE">A2_80</attrlabl><attalias Sync="TRUE">A2_80</attalias><attrtype Sync="TRUE">Double</attrtype><attwidth Sync="TRUE">19</attwidth><atprecis Sync="TRUE">0</atprecis><attscale Sync="TRUE">0</attscale></attr><attr><attrlabl Sync="TRUE">A3_80</attrlabl><attalias Sync="TRUE">A3_80</attalias><attrtype Sync="TRUE">Double</attrtype><attwidth Sync="TRUE">19</attwidth><atprecis Sync="TRUE">0</atprecis><attscale Sync="TRUE">0</attscale></attr><attr><attrlabl Sync="TRUE">A4_80</attrlabl><attalias Sync="TRUE">A4_80</attalias><attrtype Sync="TRUE">Double</attrtype><attwidth Sync="TRUE">19</attwidth><atprecis Sync="TRUE">0</atprecis><attscale Sync="TRUE">0</attscale></attr><attr><attrlabl Sync="TRUE">A5_80</attrlabl><attalias Sync="TRUE">A5_80</attalias><attrtype Sync="TRUE">Double</attrtype><attwidth Sync="TRUE">19</attwidth><atprecis Sync="TRUE">0</atprecis><attscale Sync="TRUE">0</attscale></attr><attr><attrlabl Sync="TRUE">A6_80</attrlabl><attalias Sync="TRUE">A6_80</attalias><attrtype Sync="TRUE">Double</attrtype><attwidth Sync="TRUE">19</attwidth><atprecis Sync="TRUE">0</atprecis><attscale Sync="TRUE">0</attscale></attr><attr><attrlabl Sync="TRUE">A7_80</attrlabl><attalias Sync="TRUE">A7_80</attalias><attrtype Sync="TRUE">Double</attrtype><attwidth Sync="TRUE">19</attwidth><atprecis Sync="TRUE">0</atprecis><attscale Sync="TRUE">0</attscale></attr><attr><attrlabl Sync="TRUE">A8_80</attrlabl><attalias Sync="TRUE">A8_80</attalias><attrtype Sync="TRUE">Double</attrtype><attwidth Sync="TRUE">19</attwidth><atprecis Sync="TRUE">0</atprecis><attscale Sync="TRUE">0</attscale></attr><attr><attrlabl Sync="TRUE">A9_70</attrlabl><attalias Sync="TRUE">A9_70</attalias><attrtype Sync="TRUE">Integer</attrtype><attwidth Sync="TRUE">10</attwidth><atprecis Sync="TRUE">10</atprecis><attscale Sync="TRUE">0</attscale></attr><attr><attrlabl Sync="TRUE">A9_80</attrlabl><attalias Sync="TRUE">A9_80</attalias><attrtype Sync="TRUE">Integer</attrtype><attwidth Sync="TRUE">10</attwidth><atprecis Sync="TRUE">10</atprecis><attscale Sync="TRUE">0</attscale></attr><attr><attrlabl Sync="TRUE">TYNO</attrlabl><attalias Sync="TRUE">TYNO</attalias><attrtype Sync="TRUE">Integer</attrtype><attwidth Sync="TRUE">10</attwidth><atprecis Sync="TRUE">10</atprecis><attscale Sync="TRUE">0</attscale></attr><attr><attrlabl Sync="TRUE">INPARK</attrlabl><attalias Sync="TRUE">INPARK</attalias><attrtype Sync="TRUE">String</attrtype><attwidth Sync="TRUE">1</attwidth><atprecis Sync="TRUE">0</atprecis><attscale Sync="TRUE">0</attscale></attr><attr><attrlabl Sync="TRUE">COUNTY</attrlabl><attalias Sync="TRUE">COUNTY</attalias><attrtype Sync="TRUE">String</attrtype><attwidth Sync="TRUE">7</attwidth><atprecis Sync="TRUE">0</atprecis><attscale Sync="TRUE">0</attscale></attr><attr><attrlabl Sync="TRUE">DISTRICT</attrlabl><attalias Sync="TRUE">DISTRICT</attalias><attrtype Sync="TRUE">String</attrtype><attwidth Sync="TRUE">7</attwidth><atprecis Sync="TRUE">0</atprecis><attscale Sync="TRUE">0</attscale></attr><attr><attrlabl Sync="TRUE">PARISH</attrlabl><attalias Sync="TRUE">PARISH</attalias><attrtype Sync="TRUE">String</attrtype><attwidth Sync="TRUE">7</attwidth><atprecis Sync="TRUE">0</atprecis><attscale Sync="TRUE">0</attscale></attr><attr><attrlabl Sync="TRUE">TYSQ10</attrlabl><attalias Sync="TRUE">TYSQ10</attalias><attrtype Sync="TRUE">Integer</attrtype><attwidth Sync="TRUE">10</attwidth><atprecis Sync="TRUE">10</atprecis><attscale Sync="TRUE">0</attscale></attr><attr><attrlabl Sync="TRUE">EASTM</attrlabl><attalias Sync="TRUE">EASTM</attalias><attrtype Sync="TRUE">Integer</attrtype><attwidth Sync="TRUE">10</attwidth><atprecis Sync="TRUE">10</atprecis><attscale Sync="TRUE">0</attscale></attr><attr><attrlabl Sync="TRUE">NORTHM</attrlabl><attalias Sync="TRUE">NORTHM</attalias><attrtype Sync="TRUE">Integer</attrtype><attwidth Sync="TRUE">10</attwidth><atprecis Sync="TRUE">10</atprecis><attscale Sync="TRUE">0</attscale></attr><attr><attrlabl Sync="TRUE">ONE</attrlabl><attalias Sync="TRUE">ONE</attalias><attrtype Sync="TRUE">Integer</attrtype><attwidth Sync="TRUE">10</attwidth><atprecis Sync="TRUE">10</atprecis><attscale Sync="TRUE">0</attscale></attr><attr><attrlabl Sync="TRUE">MI_PRINX</attrlabl><attalias Sync="TRUE">MI_PRINX</attalias><attrtype Sync="TRUE">Integer</attrtype><attwidth Sync="TRUE">10</attwidth><atprecis Sync="TRUE">10</atprecis><attscale Sync="TRUE">0</attscale></attr><attr><attrlabl Sync="TRUE">TRB_18</attrlabl><attalias Sync="TRUE">TRB_18</attalias><attrtype Sync="TRUE">String</attrtype><attwidth Sync="TRUE">254</attwidth><atprecis Sync="TRUE">0</atprecis><attscale Sync="TRUE">0</attscale></attr><attr><attrlabl Sync="TRUE">Shape_Leng</attrlabl><attalias Sync="TRUE">Shape_Leng</attalias><attrtype Sync="TRUE">Double</attrtype><attwidth Sync="TRUE">19</attwidth><atprecis Sync="TRUE">0</atprecis><attscale Sync="TRUE">0</attscale></attr><attr><attrlabl Sync="TRUE">Shape_Area</attrlabl><attalias Sync="TRUE">Shape_Area</attalias><attrtype Sync="TRUE">Double</attrtype><attwidth Sync="TRUE">19</attwidth><atprecis Sync="TRUE">0</atprecis><attscale Sync="TRUE">0</attscale><attrdef Sync="TRUE">Area of feature in internal units squared.</attrdef><attrdefs Sync="TRUE">Esri</attrdefs><attrdomv><udom Sync="TRUE">Positive real numbers that are automatically generated.</udom></attrdomv></attr></detailed></eainfo><mdDateSt Sync="TRUE">20200407</mdDateSt></metadata>
